{
  "English": {
    "n_sentences": 12543,
    "n_tokens": 185836,
    "mean_sent_len": 14.82,
    "alpha": 1.7971,
    "lambda_poisson": 0.9325,
    "ll_powerlaw": -132423.12,
    "ll_poisson": -283384.01,
    "ll_ratio": 150960.89,
    "ks_stat": 0.9321,
    "ks_pval": 0.0,
    "jsd": 0.03669,
    "mean_depth": 5.308,
    "depth_ratio": 0.3583,
    "leaf_fraction": 0.5665,
    "max_degree": 18
  },
  "Hindi": {
    "n_sentences": 13304,
    "n_tokens": 259272,
    "mean_sent_len": 19.49,
    "alpha": 1.7852,
    "lambda_poisson": 0.9487,
    "ll_powerlaw": -186879.51,
    "ll_poisson": -404265.54,
    "ll_ratio": 217386.04,
    "ks_stat": 0.92603,
    "ks_pval": 0.0,
    "jsd": 0.04058,
    "mean_depth": 8.185,
    "depth_ratio": 0.42,
    "leaf_fraction": 0.5711,
    "max_degree": 17
  },
  "Arabic": {
    "n_sentences": 7664,
    "n_tokens": 206646,
    "mean_sent_len": 26.96,
    "alpha": 1.779,
    "lambda_poisson": 0.9629,
    "ll_powerlaw": -150106.73,
    "ll_poisson": -328029.27,
    "ll_ratio": 177922.54,
    "ks_stat": 0.93095,
    "ks_pval": 0.0,
    "jsd": 0.04148,
    "mean_depth": 9.03,
    "depth_ratio": 0.3349,
    "leaf_fraction": 0.5727,
    "max_degree": 19
  },
  "Turkish": {
    "n_sentences": 3685,
    "n_tokens": 37629,
    "mean_sent_len": 10.21,
    "alpha": 1.8201,
    "lambda_poisson": 0.9021,
    "ll_powerlaw": -26243.16,
    "ll_poisson": -54912.67,
    "ll_ratio": 28669.51,
    "ks_stat": 0.91712,
    "ks_pval": 0.0,
    "jsd": 0.03475,
    "mean_depth": 4.991,
    "depth_ratio": 0.4888,
    "leaf_fraction": 0.557,
    "max_degree": 13
  }
}